apm-registry,0x4F7d09E858Fc7D39089e442a94483EE9995a09d0,2018-03-14T17:05:04.000Z
apm-enssub,0x7CbA3879997Fa1c780616Eb0cfB47C79aC0e0f2A,2018-03-14T17:05:04.000Z
apm-repo,0x3Ba9F37123cFF968C08ae653139796D6F0c34D82,2018-03-14T17:05:04.000Z
rinkeby,0x2dBC4622FDE0DC5D1D1c6fc908678CddbA81C189,2018-03-16T09:20:27.000Z
testing,0xE4564de79F316B5556eAf1bDae221f3770cc3716,2018-04-09T18:46:54.000Z
nginx-proxy,0x0a4DFbCF20258A0593F44539307a96Bbfc9b1273,2018-04-25T16:41:22.000Z
letsencrypt-nginx,0xBbe87320CBf596c7D906dFB126A22292872b474B,2018-04-25T17:46:56.000Z
otpweb,0xB4A284f6500d7F524f4A5c394d9DA088D4548d85,2018-04-25T18:32:34.000Z
kovan,0xc7748be3246fF59bA8E3aDA63fb4C42BE39DEb81,2018-05-21T14:03:01.000Z
ropsten,0x031340b7aA2C5c28719894F3BacddEaD5e7F2987,2018-05-21T17:51:44.000Z
bind,0xB7e15019b306B9d76068742330E10CDC61Bf5006,2018-05-30T15:54:30.000Z
ipfs,0x9dc9dc601f8f177aB558bcabde71786f1Ea84091,2018-05-30T19:08:20.000Z
vpn,0xE27438944187b49eF0005554A15b913B11BAA08C,2018-05-31T05:45:16.000Z
ethchain,0x30a933d920bc4A71a446a0f15F0e80eaF2383Fc9,2018-05-31T07:06:46.000Z
ethforward,0x294888d97308D7CE3445D83D90268B29282863f7,2018-05-31T07:21:32.000Z
wamp,0x5dc20EafE63f8afAEdF75978e9362DE30458678F,2018-05-31T09:56:32.000Z
dappmanager,0x0C564CA7B948008fB324268D8baEDAEb1bd47BcE,2018-06-03T15:37:04.000Z
admin,0xEe66C4765696C922078e8670aA9E6d4F6fFcc455,2018-06-03T15:59:54.000Z
telegram-mtpproto.dnp.dappnode.eth,0x7043320C9B94d2A3630B7aE047185bed39b91d84,2018-06-27T12:51:13.000Z
telegram-mtpproto,0xdf6da6515943bC5cAb1c49380b816712Ae0501F0,2018-06-27T13:03:45.000Z
monero,0xe8332e80951c3020a5A8e529DF01C12Aa87f482f,2018-06-27T19:05:21.000Z
core,0xdDf4639a18a74B199b6bFB502497EFFB50117707,2018-08-14T13:06:09.000Z
livepeer,0xf655173FAfb85f9f2943b2F2518146a4c149c70b,2018-09-09T10:44:39.000Z
livepeer,0xe56712c78e25Fa29a8d195B1Ec680C8EcFA972f5,2018-09-11T10:54:50.000Z
swarm,0xC95874dc912473DCd83a629dF70697584d0FD5a6,2018-10-29T14:58:34.000Z
goerli-geth,0x95cbf3e9465D364fDb05e7AA8CDd7A2DCfC46F93,2018-11-08T15:43:45.000Z
goerli-pantheon,0x1e9A82D2Ff91B3C1E1fF7c7F2d62F6Fb9F9C0684,2018-11-08T19:59:33.000Z
bitcoin,0xd3933753Cf3C6E378e4909F5568A701f7A1F46eE,2018-12-03T12:59:43.000Z
wifi,0xBB0fE4bcC05D83617FF29219e46A7834BE9496D7,2019-01-09T20:39:58.000Z
ln,0x7Cb0fE4f4081cC9e5579baC9957efEFd9e945Ffa,2019-01-22T18:51:30.000Z
goerli-parity,0x05D7549a6ec4e51CD4E01cf5AF9D68178529bF70,2019-01-24T17:32:33.000Z
vipnode,0xB185207E58BDf71B6aaF9A4C3c47ddbadF614837,2019-04-09T13:58:31.000Z
raiden-testnet,0xdE9b37b7267D237D4f87101cF1cCcaD2B304fADa,2019-06-14T09:51:55.000Z
raiden,0xb5Bd9c43Ab31A83D0c76bE26753fBB8efEAe14c2,2019-06-14T10:05:44.000Z
lightning-network,0xe1D145edA2845e0917C305525d8eE7cc208c0291,2019-06-22T08:49:09.000Z
geth,0x6c4A0d357d8F590bAcCE42A4a497835bEEA2967B,2019-09-05T15:42:59.000Z
trustlines-monitor,0x7E538EBB507D56de0Fb6C573d9be0F9cDEC5c528,2019-11-21T14:14:04.000Z
trustlines,0x38BCFc1a7B62CAe7970E04B08ED2b8d8b929Bbb0,2019-11-21T14:27:03.000Z
trustlines-bridge,0x1E41779CFee567B7fAC349eF0B5F5cdF3BDA25b8,2019-11-21T14:39:41.000Z
trustlines-netstats,0xCc9A190E06531bd6A68CE14e2e2a87f75bFe473f,2019-11-21T14:48:19.000Z
trustlines-validator,0xb191457a257C1734f18608d744DDfD120979Bb2F,2019-11-21T16:03:37.000Z
ipfs-cluster,0x39ef4E2D2D62134B1b71103FA7A895fdA023fE4d,2019-12-02T15:02:18.000Z
ipfs-pinner,0x32e1eF330df9840C4A689BA9AFfB22d6762aae2b,2019-12-02T16:31:39.000Z
ethereum-classic,0xe73a101064C7fE367798E1cB48Ce3FD19B54bf8b,2020-01-13T20:32:36.000Z
openethereum,0xdE480e25200dfDCB2475869C0EA990C2741E3e7b,2020-04-14T16:38:01.000Z
dappnode-exporter,0xbf8Cb94B14344e1711DC74B4d9360C1a6d088698,2020-05-16T18:17:57.000Z
dms,0x89c7Ff83490562735D5Aa2547390327487219c8F,2020-05-16T18:24:07.000Z
prysm-witti-beacon-chain,0xd5a903A8a937e0Dc5454D81d92935ee128BEC619,2020-05-28T08:53:32.000Z
prysm-witti-validator,0xDaC11D1d37d650eA45f0C2988F17a06560a04A32,2020-05-28T09:44:41.000Z
eth2stats-client-witti,0x92e2ccEBDCFd39413CE38DFD55C3674dcA2C94b2,2020-06-06T18:13:24.000Z
prysm-onyx-beacon-chain,0x28F1481F19514dF1dce0aD81d9f89bf2Bb48C59E,2020-06-10T05:54:02.000Z
prysm-onyx-validator,0x925844A2170197bEc05e3b7fb93f594F47d9D95a,2020-06-10T15:22:59.000Z
bee,0x67AD1434B6b78066d1379699f5E29919C2B7A260,2020-06-29T17:03:27.000Z
prysm-altona-beacon-chain,0x03DE00EE0C8Df6f5A2102F4F7f12E217F408e901,2020-06-30T10:04:13.000Z
prysm-altona-validator,0x659725f88272d6f69cc23837dCa26A738E59Ac14,2020-06-30T10:39:04.000Z
prysm-medalla-beacon-chain,0xfafE08A4385686ef6d83Fe88282742a31B2EEAf5,2020-08-04T19:21:54.000Z
lighthouse-medalla-beacon-chain,0x41D5c68ADd2268d3045f07E8831960f0f7A859E3,2020-08-04T19:53:50.000Z
medalla-validator,0x7CFedaAFB0C3a950b4B9FE9289d44a4e5fd4D91f,2020-08-05T18:12:16.000Z
eth2stats-client,0x628e382842662fc232Ce73853Ae27263b78Cf3AB,2020-09-19T16:38:59.000Z
turbo-geth,0x26543c453C3Ce55f190BCfFc2F416c70bC088d6E,2020-10-18T18:02:56.000Z
owncloud,0x5b4DBD3dCd44C61eF335D636ABb63D930F867Dcc,2020-10-28T20:03:57.000Z
prysm-pyrmont,0x9A8A338023112Ebf7C1cccD9cA76E93E3465a5B2,2020-11-23T20:21:29.000Z
prysm,0x4A114ee013cF54405B2950A7724A33d52600Ed45,2020-11-26T10:38:12.000Z
metrics-tools,0x8813Ea6Fc6Ce56104A80674A3a2322dDc0B8646D,2020-12-10T08:17:26.000Z
https,0x24c0dA30D03104Db15d8AE6c9357eDFCbC09273F,2021-04-10T14:39:22.000Z
erigon,0xda33dA12E19a3579f1b522D0D215D2333431173e,2021-06-05T14:17:00.000Z
wireguard,0x0BA89Ed3daf7346D24289751c5E03d845cF0Cfc1,2021-06-17T13:57:25.000Z
rotki,0x8730413f2d7aF5a0cF63a988a0F6417fec05F328,2021-06-30T15:14:46.000Z
prysm-prater,0x448BfB454718f20941FE8a1bfA63a0024F21Ba50,2021-07-26T17:59:06.000Z
nethermind-xdai,0x18Da083461d863Cc4d07Cc7187093F18f2b8b860,2021-07-29T08:41:33.000Z
ssv-prater,0xEa6D433366C42faECbd4C604E81A138d28666c59,2021-09-02T06:01:19.000Z
gnosis-beacon-chain-prysm,0xCd58b683D616CF3BaF38EdF5965471C757A10fA2,2021-12-10T12:00:14.000Z
openethereum-gnosis-chain,0xD4cD85bdb2b7FA5C5A1651333646B6e9aBB48d4D,2021-12-14T11:30:23.000Z