apm-registry,0xcE1Cf6b6F671DA234A869FA56226B6168a3e37d0,2018-09-11T12:08:44.000Z
apm-enssub,0xb68E4ddCF00F93A89430ab2e4f878724AC7C23D4,2018-09-11T12:08:44.000Z
apm-repo,0x9b0a3840Dd25E9A9E42829f9c0Cadd34bf983dA0,2018-09-11T12:08:44.000Z
jbaylina,0x1aBF8D63ac29bE2a8c3411901B3bEe6Fadca2DC4,2018-09-11T12:33:38.000Z
bitcoin,0x077d271A3E4C3b45358417142490bd21172c81b5,2018-09-13T12:52:43.000Z
peepin,0xFa6f0Ee1Ae473C13f0d8C84fa8712fe785E44aa4,2018-09-14T14:17:48.000Z
peepin2,0x819b63eB2478A0b2e0CA95c7F9A1045dd59CBafA,2018-09-14T16:51:02.000Z
dnpinner,0x4416E22bDBB60E334793b16E9427a8f1305F0a9D,2018-09-28T09:13:24.000Z
status,0x0545c8d8537Fd8B5d8B5cEc24cA94103bD4b67D4,2018-10-09T10:44:33.000Z
timenode,0x2ee525f1ae6c822D4205A915586616524A9DaC1E,2018-11-27T17:05:54.000Z
nextcloud,0xd2a93A02edD3135fc1AcDDD511a77EeFc613f061,2019-01-07T12:15:18.000Z
goerli-parity,0x41De16C78bF5266867C6AF6e03d278fD1a069177,2019-01-28T12:27:11.000Z
artis-sigma1,0x955271C5e77d7BDDCece0E0c8D48470A699b372F,2019-02-03T20:11:41.000Z
goerli-tesseracts,0x423d2C4C796Df65342825d241a42F5AE2Aa5D2A4,2019-04-25T22:15:07.000Z
eth-net-intelligence-api,0x794547e50bDcd9f9a52367E7850Ea4474504f644,2019-05-10T19:23:41.000Z
fairdrop-network,0x1D31bd9b2D6Cc17873573DBB619d8b79F7cd390d,2019-05-23T06:48:31.000Z
fairdrop,0xcccBeE234112c5eA3370FB707875A8B1cF6b0fcf,2019-05-23T10:53:14.000Z
pocket-core,0xe504aca1F31B0528FDC2Afcc8C411A606032bb58,2019-06-18T21:00:50.000Z
lightning-network,0x544d3606a85d32252B2B63D80B110E5bE8cEc38D,2019-06-22T05:48:17.000Z
cosmos,0xa08b11ee2F258A9ba9db5F97f7F4E488f0CBBc84,2019-06-28T12:55:59.000Z
trinity,0xEE09d2B1772495028939cd8CEe59Ca0F0BC6bbA1,2019-09-06T17:37:34.000Z
masterethereum,0x1b66cc0563E32f60E929bFf26CcBB7084F98821B,2019-09-21T16:15:32.000Z
zcash,0x191B717c27677b3dc8903230030b6747614C45F5,2019-10-01T14:10:28.000Z
polkadot,0xcD870fA2f92978E64626CE6B24f2e2D39D04C189,2019-10-19T20:37:09.000Z
prysm-beacon-chain,0x1c53d47b8d6E3972fa5C9004a9C4487DA9A34e16,2019-11-22T12:30:30.000Z
prysm-validator,0x6d7C115c59050a3ce70A9D656e72D366faE7fbF7,2019-11-22T19:24:50.000Z
polkadot-apps,0x9D8678831b12c94D2745dEA3356A59cD07C228Fc,2019-11-25T18:46:09.000Z
polkadot-kusama,0x81f40A88AfDD522Dc1e3Ff4e41DD062D00F38AC6,2019-11-25T20:58:53.000Z
beaconcha-in,0x5a46D6570FaAD1B26D1B781250B61CCB675Bf14B,2019-11-29T22:26:22.000Z
nethermind,0xF9a848b81D4396941375fA96ae279b7280d103A7,2019-12-24T10:58:44.000Z
storj,0x1cdcD287551CEb32E3c3A3E4b79d66955A6663F8,2019-12-26T20:15:52.000Z
tornado-cash-relayer,0xff9adbe8eE786D420a826d1e1e67723EEBB57696,2020-01-07T17:23:03.000Z
archipel,0x8B5A1c3b8B265eB46Ac1258691cAbACC16E53911,2020-01-29T13:41:55.000Z
substrate-telemetry-backend-archipel,0x7dA777DcCd882389eb4A0250EAb9EC8662bACcFc,2020-02-09T15:02:58.000Z
substrate-telemetry-archipel,0xB73a74d7EcC33749d9fBD7856EC299E4E3BE33Cb,2020-02-09T17:09:49.000Z
boinc,0xF560d3aDCBbe4db77fCDcA8908cd520e25aDd2b5,2020-03-17T08:55:45.000Z
archipel-ui,0x2252c87C7f112ffB003BF93F998033751Eb80961,2020-03-25T18:38:11.000Z
x-core,0x6FD0F511b92D9B2496F594D50430d18387658Eaf,2020-03-27T08:58:20.000Z
folding-at-home,0xC2e7efb1F61928Ce8233157F14Eb2e4254666895,2020-04-02T18:16:17.000Z
eth2stats-client,0xFC2ac0e8ae8a4DaA678785fB9aF34673e21cc9a5,2020-04-17T20:21:39.000Z
prysm-slasher,0x5F87Efb1AD3A1D49CA2409826efE91ED977785fB,2020-04-22T19:24:03.000Z
dappnode-exporter,0x3B1fF62fBF38676F252AeC4aF3262e76fC67d49d,2020-04-25T15:12:31.000Z
prometheus-grafana,0x60d6D8e4A0caaE207305AcD561B419F9Fa52774D,2020-04-25T15:29:41.000Z
dms,0xc1b9baDd7aBD245906009633f5142da8B2ca63DF,2020-04-27T12:42:00.000Z
big-dipper,0x554C59c113affA829737af2ABab1DA7AB366F6C8,2020-05-16T10:15:56.000Z
electrumx,0x91A3f013E85865B204F82b5781304B8fdD496437,2020-06-10T11:16:32.000Z
idchain,0x6A111E20889ace99Ca14C1aB38CF6C1176ed0ae7,2020-06-22T15:09:12.000Z
sentinel,0xFB395b2d4d5a394a760E2426D07A1699f166c4c9,2020-07-06T10:18:16.000Z
pocket-core-testnet,0xA26eb30960d7C6B3A015F598CD840c8E5A7FfE28,2020-08-16T14:36:02.000Z
turbo-geth,0x5448A94e65C01d93d744a5cdfbe6829f475122B6,2020-10-18T16:35:55.000Z
ethereum-optimism,0x433772b03C003B7e2B66B4590025dDF54ac33653,2020-12-18T14:10:33.000Z
brightid-node,0x4b214A2601D103FAbAA8e94f06E924960Bf4daeB,2021-01-12T11:04:05.000Z
avalanche,0xc16E0AdE30EA8Ad20aCeC5D529B2CB139D61137f,2021-01-21T19:50:47.000Z
polygon,0x1148E67dCbd11B63bD53e45dc4a9565C0Ad66A7c,2021-07-03T17:08:09.000Z
binance-smart-chain-node,0xec2A48F81A79aD576160f14A541afF5fC4c997AF,2021-07-31T17:04:42.000Z